{
  "method_name": "method_3_gbt_ensemble",
  "method_description": "Adds HistGradientBoostingClassifier on engineered features alongside LR; averages probabilities at the model layer",
  "seeds": [
    0,
    1,
    2,
    3,
    4
  ],
  "splits": {
    "case_grouped": {
      "cascade_acc_mean": 0.9366136834107806,
      "cascade_acc_std": 0.003959010223044317,
      "lr_only_acc_mean": 0.9307297173129923,
      "lr_only_acc_std": 0.0025985158119361845,
      "canon_override_acc_mean": 0.9679494758416702,
      "canon_override_acc_std": 0.004381200141902891,
      "lift_vs_v1_pp": 0.02
    },
    "curr_desc_holdout": {
      "cascade_acc_mean": 0.9229641311260419,
      "cascade_acc_std": 0.013897083215348612,
      "lr_only_acc_mean": 0.9224316802159356,
      "lr_only_acc_std": 0.013912099007810276,
      "canon_override_acc_mean": 0.9654065169966615,
      "canon_override_acc_std": 0.017991588019960616,
      "lift_vs_v1_pp": 0.16
    },
    "prior_desc_holdout": {
      "cascade_acc_mean": 0.9257163499971807,
      "cascade_acc_std": 0.00706484007927909,
      "lr_only_acc_mean": 0.9258377710240289,
      "lr_only_acc_std": 0.006623735747644215,
      "canon_override_acc_mean": 0.968931887113032,
      "canon_override_acc_std": 0.009452049337261077,
      "lift_vs_v1_pp": 0.11
    },
    "both_desc_holdout": {
      "cascade_acc_mean": 0.9266242226699353,
      "cascade_acc_std": 0.0067858933880460305,
      "lr_only_acc_mean": 0.927768362172019,
      "lr_only_acc_std": 0.005801140503413593,
      "canon_override_acc_mean": 0.9614455024919646,
      "canon_override_acc_std": 0.005758670116393696,
      "lift_vs_v1_pp": 0.1
    }
  },
  "vs_v1_comparison": {
    "case_grouped": {
      "v1": 0.9364,
      "method": 0.9366,
      "delta_pp": 0.02
    },
    "curr_desc_holdout": {
      "v1": 0.9214,
      "method": 0.923,
      "delta_pp": 0.16
    },
    "prior_desc_holdout": {
      "v1": 0.9246,
      "method": 0.9257,
      "delta_pp": 0.11
    },
    "both_desc_holdout": {
      "v1": 0.9256,
      "method": 0.9266,
      "delta_pp": 0.1
    }
  },
  "gates": {
    "case_grouped_lift_ge_0.10pp": false,
    "no_split_regresses_more_than_0.20pp": true,
    "canon_override_acc_ge_0.95_all_splits": true,
    "production_pytest_still_passes": true,
    "method_unit_tests_pass": true
  },
  "all_gates_passed": false,
  "ship_decision": "skip"
}