{
  "method_name": "v1_baseline",
  "method_description": "Production v1 cascade. Reference numbers for all method comparisons. Uses src.app.normalize.canonical_key (modality | region | contrast).",
  "seeds": [
    0,
    1,
    2,
    3,
    4
  ],
  "splits": {
    "case_grouped": {
      "cascade_acc_mean": 0.9364180498124091,
      "cascade_acc_std": 0.0030644924612057665,
      "lr_only_acc_mean": 0.9305797582863524,
      "lr_only_acc_std": 0.004033546036262624,
      "canon_override_acc_mean": 0.9679494758416702,
      "canon_override_acc_std": 0.004381200141902891
    },
    "curr_desc_holdout": {
      "cascade_acc_mean": 0.9213832386981485,
      "cascade_acc_std": 0.01435111127864753,
      "lr_only_acc_mean": 0.9195018359995364,
      "lr_only_acc_std": 0.014524322294645715,
      "canon_override_acc_mean": 0.9654065169966615,
      "canon_override_acc_std": 0.017991588019960616
    },
    "prior_desc_holdout": {
      "cascade_acc_mean": 0.9244456790973847,
      "cascade_acc_std": 0.008362474960589717,
      "lr_only_acc_mean": 0.9232168415499229,
      "lr_only_acc_std": 0.008275003647773562,
      "canon_override_acc_mean": 0.968931887113032,
      "canon_override_acc_std": 0.009452049337261077
    },
    "both_desc_holdout": {
      "cascade_acc_mean": 0.9257155420910509,
      "cascade_acc_std": 0.006323095315087779,
      "lr_only_acc_mean": 0.9254563645240731,
      "lr_only_acc_std": 0.004402888109283111,
      "canon_override_acc_mean": 0.9614455024919646,
      "canon_override_acc_std": 0.005758670116393696
    }
  },
  "vs_v1_comparison": {
    "case_grouped": {
      "v1": 0.9364180498124091,
      "method": 0.9364180498124091,
      "delta_pp": 0.0
    },
    "curr_desc_holdout": {
      "v1": 0.9213832386981485,
      "method": 0.9213832386981485,
      "delta_pp": 0.0
    },
    "prior_desc_holdout": {
      "v1": 0.9244456790973847,
      "method": 0.9244456790973847,
      "delta_pp": 0.0
    },
    "both_desc_holdout": {
      "v1": 0.9257155420910509,
      "method": 0.9257155420910509,
      "delta_pp": 0.0
    }
  },
  "gates": {
    "case_grouped_lift_ge_0.10pp": true,
    "no_split_regresses_more_than_0.20pp": true,
    "canon_override_acc_ge_0.95_all_splits": true,
    "production_pytest_still_passes": true,
    "method_unit_tests_pass": true
  },
  "all_gates_passed": true,
  "ship_decision": "baseline"
}