{
  "method_name": "method_1_mammography",
  "method_description": "Adds subtype + laterality dimensions to canonical_key for mammography descriptions",
  "seeds": [
    0,
    1,
    2,
    3,
    4
  ],
  "splits": {
    "case_grouped": {
      "cascade_acc_mean": 0.9362622606196715,
      "cascade_acc_std": 0.003246406767193868,
      "lr_only_acc_mean": 0.9306089083446023,
      "lr_only_acc_std": 0.003970723247683953,
      "canon_override_acc_mean": 0.967665044421507,
      "canon_override_acc_std": 0.005257907790409209,
      "lift_vs_v1_pp": -0.02
    },
    "curr_desc_holdout": {
      "cascade_acc_mean": 0.9215041691854804,
      "cascade_acc_std": 0.013816485207448428,
      "lr_only_acc_mean": 0.9196743811156931,
      "lr_only_acc_std": 0.014403735386651292,
      "canon_override_acc_mean": 0.9620320530940061,
      "canon_override_acc_std": 0.017331135471920042,
      "lift_vs_v1_pp": 0.01
    },
    "prior_desc_holdout": {
      "cascade_acc_mean": 0.9242698854364774,
      "cascade_acc_std": 0.008328893051590486,
      "lr_only_acc_mean": 0.9232660845627916,
      "lr_only_acc_std": 0.008123456494759606,
      "canon_override_acc_mean": 0.9638531508065238,
      "canon_override_acc_std": 0.01060322260189506,
      "lift_vs_v1_pp": -0.03
    },
    "both_desc_holdout": {
      "cascade_acc_mean": 0.9256728202611505,
      "cascade_acc_std": 0.006124066482713435,
      "lr_only_acc_mean": 0.9254794759724833,
      "lr_only_acc_std": 0.004594684177425572,
      "canon_override_acc_mean": 0.9548128006433515,
      "canon_override_acc_std": 0.012325833565838412,
      "lift_vs_v1_pp": 0.01
    }
  },
  "vs_v1_comparison": {
    "case_grouped": {
      "v1": 0.9364,
      "method": 0.9363,
      "delta_pp": -0.02
    },
    "curr_desc_holdout": {
      "v1": 0.9214,
      "method": 0.9215,
      "delta_pp": 0.01
    },
    "prior_desc_holdout": {
      "v1": 0.9246,
      "method": 0.9243,
      "delta_pp": -0.03
    },
    "both_desc_holdout": {
      "v1": 0.9256,
      "method": 0.9257,
      "delta_pp": 0.01
    }
  },
  "gates": {
    "case_grouped_lift_ge_0.10pp": false,
    "no_split_regresses_more_than_0.20pp": true,
    "canon_override_acc_ge_0.95_all_splits": true,
    "production_pytest_still_passes": true,
    "method_unit_tests_pass": true
  },
  "all_gates_passed": false,
  "ship_decision": "skip"
}