{
  "method_name": "method_1_mammography",
  "method_description": "Adds subtype + laterality dimensions to canonical_key for mammography descriptions",
  "seeds": [
    0,
    1,
    2,
    3,
    4
  ],
  "splits": {
    "case_grouped": {
      "cascade_acc_mean": 0.936265948310585,
      "cascade_acc_std": 0.003336324434937711,
      "lr_only_acc_mean": 0.9305797582863524,
      "lr_only_acc_std": 0.004033546036262624,
      "canon_override_acc_mean": 0.967665044421507,
      "canon_override_acc_std": 0.005257907790409209,
      "lift_vs_v1_pp": -0.02
    },
    "curr_desc_holdout": {
      "cascade_acc_mean": 0.9214559754884807,
      "cascade_acc_std": 0.013888132985098667,
      "lr_only_acc_mean": 0.9195018359995364,
      "lr_only_acc_std": 0.014524322294645715,
      "canon_override_acc_mean": 0.9620320530940061,
      "canon_override_acc_std": 0.017331135471920042,
      "lift_vs_v1_pp": 0.01
    },
    "prior_desc_holdout": {
      "cascade_acc_mean": 0.9242206424236088,
      "cascade_acc_std": 0.008489918656935198,
      "lr_only_acc_mean": 0.9232168415499229,
      "lr_only_acc_std": 0.008275003647773562,
      "canon_override_acc_mean": 0.9638531508065238,
      "canon_override_acc_std": 0.01060322260189506,
      "lift_vs_v1_pp": -0.02
    },
    "both_desc_holdout": {
      "cascade_acc_mean": 0.925693256909301,
      "cascade_acc_std": 0.006040770961797576,
      "lr_only_acc_mean": 0.9254563645240731,
      "lr_only_acc_std": 0.004402888109283111,
      "canon_override_acc_mean": 0.9548128006433515,
      "canon_override_acc_std": 0.012325833565838412,
      "lift_vs_v1_pp": -0.0
    }
  },
  "vs_v1_comparison": {
    "case_grouped": {
      "v1": 0.9364,
      "method": 0.9363,
      "delta_pp": -0.02
    },
    "curr_desc_holdout": {
      "v1": 0.9214,
      "method": 0.9215,
      "delta_pp": 0.01
    },
    "prior_desc_holdout": {
      "v1": 0.9244,
      "method": 0.9242,
      "delta_pp": -0.02
    },
    "both_desc_holdout": {
      "v1": 0.9257,
      "method": 0.9257,
      "delta_pp": -0.0
    }
  },
  "gates": {
    "case_grouped_lift_ge_0.10pp": false,
    "no_split_regresses_more_than_0.20pp": true,
    "canon_override_acc_ge_0.95_all_splits": true,
    "production_pytest_still_passes": true,
    "method_unit_tests_pass": true
  },
  "all_gates_passed": false,
  "ship_decision": "skip"
}