{
  "method_name": "method_4_sample_weighting",
  "method_description": "Trains LR with sample weights inversely proportional to canonical pair frequency in the training set",
  "seeds": [
    0,
    1,
    2,
    3,
    4
  ],
  "splits": {
    "case_grouped": {
      "cascade_acc_mean": 0.9363590407928688,
      "cascade_acc_std": 0.0030175424276016587,
      "lr_only_acc_mean": 0.9304530887646789,
      "lr_only_acc_std": 0.002794827132503567,
      "canon_override_acc_mean": 0.9679494758416702,
      "canon_override_acc_std": 0.004381200141902891,
      "lift_vs_v1_pp": -0.01
    },
    "curr_desc_holdout": {
      "cascade_acc_mean": 0.9218324841983474,
      "cascade_acc_std": 0.013707429413116935,
      "lr_only_acc_mean": 0.9207458126805663,
      "lr_only_acc_std": 0.013754788667479003,
      "canon_override_acc_mean": 0.9654065169966615,
      "canon_override_acc_std": 0.017991588019960616,
      "lift_vs_v1_pp": 0.05
    },
    "prior_desc_holdout": {
      "cascade_acc_mean": 0.9249863691030935,
      "cascade_acc_std": 0.008778260818528758,
      "lr_only_acc_mean": 0.9244813197729294,
      "lr_only_acc_std": 0.008504146612465357,
      "canon_override_acc_mean": 0.968931887113032,
      "canon_override_acc_std": 0.009452049337261077,
      "lift_vs_v1_pp": 0.04
    },
    "both_desc_holdout": {
      "cascade_acc_mean": 0.9256916935506359,
      "cascade_acc_std": 0.006846610606586137,
      "lr_only_acc_mean": 0.92569762774681,
      "lr_only_acc_std": 0.00565875860019966,
      "canon_override_acc_mean": 0.9614455024919646,
      "canon_override_acc_std": 0.005758670116393696,
      "lift_vs_v1_pp": 0.01
    }
  },
  "vs_v1_comparison": {
    "case_grouped": {
      "v1": 0.9364,
      "method": 0.9364,
      "delta_pp": -0.01
    },
    "curr_desc_holdout": {
      "v1": 0.9214,
      "method": 0.9218,
      "delta_pp": 0.05
    },
    "prior_desc_holdout": {
      "v1": 0.9246,
      "method": 0.925,
      "delta_pp": 0.04
    },
    "both_desc_holdout": {
      "v1": 0.9256,
      "method": 0.9257,
      "delta_pp": 0.01
    }
  },
  "gates": {
    "case_grouped_lift_ge_0.10pp": false,
    "no_split_regresses_more_than_0.20pp": true,
    "canon_override_acc_ge_0.95_all_splits": true,
    "production_pytest_still_passes": true,
    "method_unit_tests_pass": true
  },
  "all_gates_passed": false,
  "ship_decision": "skip"
}